Epoch,Loss
0,5.979184979572892
1,5.688610473647714
2,5.498396907001734
3,5.324134549126029
4,5.268507573753595
